{
  "Items": [
    {
      "Query": "python pri",
      "ExecutedDateTime": "2021-06-01T00:58:58.4958897+09:00"
    },
    {
      "Query": "setti",
      "ExecutedDateTime": "2021-06-01T01:14:48.3812251+09:00"
    },
    {
      "Query": "sett",
      "ExecutedDateTime": "2021-06-01T16:09:04.5865213+09:00"
    },
    {
      "Query": "chr",
      "ExecutedDateTime": "2021-06-01T16:09:58.6195485+09:00"
    },
    {
      "Query": "c",
      "ExecutedDateTime": "2021-06-01T16:10:13.8294551+09:00"
    },
    {
      "Query": "s",
      "ExecutedDateTime": "2021-06-01T16:11:32.0777781+09:00"
    },
    {
      "Query": "tuner",
      "ExecutedDateTime": "2021-06-01T17:47:39.7762775+09:00"
    },
    {
      "Query": "카",
      "ExecutedDateTime": "2021-06-01T18:14:46.2757587+09:00"
    },
    {
      "Query": "ter",
      "ExecutedDateTime": "2021-06-01T18:15:41.9317073+09:00"
    },
    {
      "Query": "ap",
      "ExecutedDateTime": "2021-06-01T19:33:50.1032953+09:00"
    },
    {
      "Query": "con",
      "ExecutedDateTime": "2021-06-01T21:46:37.3812041+09:00"
    },
    {
      "Query": "> explorer.exe",
      "ExecutedDateTime": "2021-06-01T22:02:41.520495+09:00"
    },
    {
      "Query": "te",
      "ExecutedDateTime": "2021-06-01T22:24:16.3770213+09:00"
    },
    {
      "Query": "카",
      "ExecutedDateTime": "2021-06-01T23:38:23.7750315+09:00"
    },
    {
      "Query": "bee",
      "ExecutedDateTime": "2021-06-01T23:57:44.5079363+09:00"
    },
    {
      "Query": "serv",
      "ExecutedDateTime": "2021-06-02T00:24:56.662778+09:00"
    },
    {
      "Query": "re",
      "ExecutedDateTime": "2021-06-02T00:56:31.5175723+09:00"
    },
    {
      "Query": "mu",
      "ExecutedDateTime": "2021-06-02T12:37:28.787487+09:00"
    },
    {
      "Query": "setti",
      "ExecutedDateTime": "2021-06-02T12:38:13.7087209+09:00"
    },
    {
      "Query": "s",
      "ExecutedDateTime": "2021-06-02T17:10:39.6777119+09:00"
    },
    {
      "Query": "tr",
      "ExecutedDateTime": "2021-06-02T17:11:17.1736659+09:00"
    },
    {
      "Query": "wpm uninstall Go",
      "ExecutedDateTime": "2021-06-02T17:12:11.1868912+09:00"
    },
    {
      "Query": "s",
      "ExecutedDateTime": "2021-06-02T17:12:44.6351227+09:00"
    },
    {
      "Query": "wpm install IP Address",
      "ExecutedDateTime": "2021-06-02T17:13:21.6948379+09:00"
    },
    {
      "Query": "wpm install Wox.Plugin.Processkiller",
      "ExecutedDateTime": "2021-06-02T17:13:54.210727+09:00"
    },
    {
      "Query": "wpm install Remove USB",
      "ExecutedDateTime": "2021-06-02T17:14:13.9347091+09:00"
    },
    {
      "Query": "wpm install simple web",
      "ExecutedDateTime": "2021-06-02T17:15:23.1611354+09:00"
    },
    {
      "Query": "ett",
      "ExecutedDateTime": "2021-06-02T17:15:28.3376282+09:00"
    },
    {
      "Query": "findicon t",
      "ExecutedDateTime": "2021-06-02T17:15:42.9678554+09:00"
    },
    {
      "Query": "gmail te",
      "ExecutedDateTime": "2021-06-02T17:16:26.3295551+09:00"
    },
    {
      "Query": "wpm install need",
      "ExecutedDateTime": "2021-06-02T17:18:08.9318626+09:00"
    },
    {
      "Query": "wpm install currency",
      "ExecutedDateTime": "2021-06-02T17:18:57.6412638+09:00"
    },
    {
      "Query": "wpm install todo",
      "ExecutedDateTime": "2021-06-02T17:19:31.7849716+09:00"
    },
    {
      "Query": "wpm install python calc",
      "ExecutedDateTime": "2021-06-02T17:20:11.8095592+09:00"
    },
    {
      "Query": "s",
      "ExecutedDateTime": "2021-06-02T17:24:50.1324614+09:00"
    },
    {
      "Query": "key",
      "ExecutedDateTime": "2021-06-02T17:25:38.0539697+09:00"
    },
    {
      "Query": "s",
      "ExecutedDateTime": "2021-06-02T17:26:12.0316715+09:00"
    },
    {
      "Query": "wpm u",
      "ExecutedDateTime": "2021-06-02T17:28:10.0597802+09:00"
    },
    {
      "Query": "wpm install Wox.Plugin.C",
      "ExecutedDateTime": "2021-06-02T17:28:35.3530376+09:00"
    },
    {
      "Query": "123 usd to krw",
      "ExecutedDateTime": "2021-06-02T17:29:15.9520111+09:00"
    },
    {
      "Query": "s",
      "ExecutedDateTime": "2021-06-02T17:30:18.4759076+09:00"
    },
    {
      "Query": "wpm",
      "ExecutedDateTime": "2021-06-02T17:31:57.1277898+09:00"
    },
    {
      "Query": "s",
      "ExecutedDateTime": "2021-06-02T17:32:07.4149822+09:00"
    },
    {
      "Query": "wpm",
      "ExecutedDateTime": "2021-06-02T17:32:16.5765094+09:00"
    },
    {
      "Query": "s",
      "ExecutedDateTime": "2021-06-02T17:32:31.3652281+09:00"
    },
    {
      "Query": "wpm inst",
      "ExecutedDateTime": "2021-06-02T17:35:14.2949712+09:00"
    },
    {
      "Query": "s",
      "ExecutedDateTime": "2021-06-02T17:35:28.1685286+09:00"
    },
    {
      "Query": "wpm",
      "ExecutedDateTime": "2021-06-02T17:36:01.3605112+09:00"
    },
    {
      "Query": "s",
      "ExecutedDateTime": "2021-06-02T17:37:13.5456315+09:00"
    },
    {
      "Query": "kill desk",
      "ExecutedDateTime": "2021-06-02T17:37:53.5091375+09:00"
    },
    {
      "Query": "yt spacex",
      "ExecutedDateTime": "2021-06-02T17:38:18.9072398+09:00"
    },
    {
      "Query": "tr so",
      "ExecutedDateTime": "2021-06-02T17:38:29.1472016+09:00"
    },
    {
      "Query": "tr solar",
      "ExecutedDateTime": "2021-06-02T17:39:11.1633122+09:00"
    },
    {
      "Query": "mp 아주대학",
      "ExecutedDateTime": "2021-06-02T17:39:25.7723129+09:00"
    },
    {
      "Query": "nd key abc",
      "ExecutedDateTime": "2021-06-02T17:41:49.599878+09:00"
    },
    {
      "Query": "nd",
      "ExecutedDateTime": "2021-06-02T17:42:14.7691241+09:00"
    },
    {
      "Query": "nd d",
      "ExecutedDateTime": "2021-06-02T17:43:02.819796+09:00"
    },
    {
      "Query": "nd delete k",
      "ExecutedDateTime": "2021-06-02T17:43:05.7402163+09:00"
    },
    {
      "Query": "nd op",
      "ExecutedDateTime": "2021-06-02T17:43:24.8620571+09:00"
    },
    {
      "Query": "s",
      "ExecutedDateTime": "2021-06-02T17:43:33.0979926+09:00"
    },
    {
      "Query": "td -a test",
      "ExecutedDateTime": "2021-06-02T17:44:26.2040686+09:00"
    },
    {
      "Query": "td",
      "ExecutedDateTime": "2021-06-02T17:44:31.4546697+09:00"
    },
    {
      "Query": "td -r tet",
      "ExecutedDateTime": "2021-06-02T17:44:36.4399991+09:00"
    },
    {
      "Query": "td -r",
      "ExecutedDateTime": "2021-06-02T17:44:38.6480699+09:00"
    },
    {
      "Query": "td",
      "ExecutedDateTime": "2021-06-02T17:44:43.9302233+09:00"
    },
    {
      "Query": "td -r",
      "ExecutedDateTime": "2021-06-02T17:44:50.6752139+09:00"
    },
    {
      "Query": "td -rl",
      "ExecutedDateTime": "2021-06-02T17:44:52.3316764+09:00"
    },
    {
      "Query": "td -a go home",
      "ExecutedDateTime": "2021-06-02T17:44:56.827929+09:00"
    },
    {
      "Query": "td -c",
      "ExecutedDateTime": "2021-06-02T17:44:59.8369212+09:00"
    },
    {
      "Query": "td -l",
      "ExecutedDateTime": "2021-06-02T17:45:01.4969153+09:00"
    },
    {
      "Query": "td -r",
      "ExecutedDateTime": "2021-06-02T17:45:05.8799926+09:00"
    },
    {
      "Query": "senda",
      "ExecutedDateTime": "2021-06-02T18:33:00.1785102+09:00"
    },
    {
      "Query": "kill des",
      "ExecutedDateTime": "2021-06-02T19:11:41.1229403+09:00"
    },
    {
      "Query": "s",
      "ExecutedDateTime": "2021-06-02T19:31:22.2516526+09:00"
    },
    {
      "Query": "terminus",
      "ExecutedDateTime": "2021-06-02T19:31:50.4796254+09:00"
    },
    {
      "Query": "kakaot",
      "ExecutedDateTime": "2021-06-02T19:42:25.7089123+09:00"
    },
    {
      "Query": "c",
      "ExecutedDateTime": "2021-06-02T19:42:38.4722579+09:00"
    },
    {
      "Query": "kill des",
      "ExecutedDateTime": "2021-06-02T19:57:17.7849935+09:00"
    },
    {
      "Query": "desktopinfo line padding",
      "ExecutedDateTime": "2021-06-02T20:01:32.2353853+09:00"
    },
    {
      "Query": "te",
      "ExecutedDateTime": "2021-06-02T20:10:25.3177993+09:00"
    },
    {
      "Query": "temperature threshold color",
      "ExecutedDateTime": "2021-06-02T20:55:29.8878222+09:00"
    },
    {
      "Query": "yt space",
      "ExecutedDateTime": "2021-06-02T21:09:15.3409104+09:00"
    },
    {
      "Query": "yt",
      "ExecutedDateTime": "2021-06-02T21:13:25.5599762+09:00"
    },
    {
      "Query": "yt 4k",
      "ExecutedDateTime": "2021-06-02T21:13:27.9308115+09:00"
    }
  ]
}