{
  "records": {
    "pprint.cpython-39.pycC:\\Users\\LUFT-AQUILA\\AppData\\Local\\Programs\\Python\\Python39\\Lib\\__pycache__\\pprint.cpython-39.pyc": 1,
    "SettingsTweak this app": 18,
    "Chrome CanaryC:\\Users\\LUFT-AQUILA\\AppData\\Roaming\\Microsoft\\Windows\\Start Menu\\Programs\\Chrome Canary.lnk": 2,
    "GTune GK Tuner_V1.1.2C:\\Users\\LUFT-AQUILA\\Downloads\\GTune GK Tuner_V1.1.2\\GTune GK Tuner_V1.1.2": 1,
    "카카오톡C:\\Users\\LUFT-AQUILA\\AppData\\Roaming\\Microsoft\\Windows\\Start Menu\\Programs\\카카오톡.lnk": 2,
    "TermiusC:\\Users\\LUFT-AQUILA\\AppData\\Roaming\\Microsoft\\Windows\\Start Menu\\Programs\\Termius.lnk": 2,
    "ASpearC:\\Users\\LUFT-AQUILA\\AppData\\Roaming\\Microsoft\\Windows\\Start Menu\\Programs\\ASpear.lnk": 1,
    "Control PanelC:\\Users\\LUFT-AQUILA\\AppData\\Roaming\\Microsoft\\Windows\\Start Menu\\Programs\\System Tools\\Control Panel.lnk": 1,
    "explorer.exeexecute command through command shell": 1,
    "MusicBeeC:\\Users\\LUFT-AQUILA\\AppData\\Roaming\\Microsoft\\Windows\\Start Menu\\Programs\\MusicBee.lnk": 1,
    "servicesC:\\ProgramData\\Microsoft\\Windows\\Start Menu\\Programs\\Administrative Tools\\services.lnk": 1,
    "Registry EditorC:\\ProgramData\\Microsoft\\Windows\\Start Menu\\Programs\\Administrative Tools\\Registry Editor.lnk": 1,
    "MusicBeeC:\\ProgramData\\Microsoft\\Windows\\Start Menu\\Programs\\MusicBee.lnk": 2,
    "Afrikaansaf": 1,
    "Englishen": 1,
    "Google TranslatePlugin that allow you to translate any words to any languages": 1,
    "IP AddressShows your internal and external IP address": 1,
    "Wox.Plugin.ProcessKillermake easy to kill process": 1,
    "Remove USBRemove USB": 1,
    "Simple Web SearchAllows web searches without needing to type an action keyword": 1,
    "tSearch FindIcon": 1,
    "teSearch Gmail": 1,
    "NeedGet and set infos": 1,
    "Currency ConverterConvert Currency": 1,
    "Todosa simple todo app for Wox.": 1,
    "Python CalculatorAdvanced calculator with formatting and autocomplete": 1,
    "keysetC:\\ProgramData\\Microsoft\\Windows\\Start Menu\\Programs\\StartUp\\keyset.lnk": 1,
    "uninstall <Package Name>list installed plugins": 4,
    "Wox.Plugin.CurrencyA smart and easy currency converter for WOX": 1,
    "123 usd to krwSearch Google for '123 usd to krw'": 1,
    "install <Package Name>list installed plugins": 1,
    "kill all \"desk\" process": 1,
    "spacexSearch Youtube": 1,
    "soSearch Google Translate": 1,
    "solarSearch Google Translate": 2,
    "아주대학Search Google Maps": 1,
    "Save keySave key to abc": 1,
    "keyabc": 3,
    "DeleteDelete an item from the database": 1,
    "Delete keyDelete key containing abc": 1,
    "Open key/value database fileModify, see and delete entries manually": 1,
    "add new item \"test\"": 1,
    "test4 seconds ago": 1,
    "No resultsclick to view help": 4,
    "testclick to remove todo": 1,
    "Reload todos from data file?click to reload": 1,
    "add new item \"go home\"": 1,
    "go homeclick to mark todo as done": 1,
    "go home3 seconds ago": 1,
    "go homeclick to remove todo": 1,
    "Send AnywhereC:\\ProgramData\\Microsoft\\Windows\\Start Menu\\Programs\\Send Anywhere.lnk": 1,
    "DesktopInfo - 12164c:\\program files (x86)\\desktopinfo\\desktopinfo.exe": 1,
    "terminusSearch Google for 'terminus'": 1,
    "KakaoTalkC:\\Program Files (x86)\\Kakao\\KakaoTalk": 1,
    "Chrome CanaryC:\\ProgramData\\Microsoft\\Windows\\Start Menu\\Programs\\Chrome Canary.lnk": 1,
    "DesktopInfo - 13340c:\\users\\luft-aquila\\desktop\\desktopinfo\\desktopinfo.exe": 1,
    "desktopinfo line paddingSearch Google for 'desktopinfo line padding'": 1,
    "TermiusC:\\ProgramData\\Microsoft\\Windows\\Start Menu\\Programs\\Termius.lnk": 1,
    "temperature threshold colorSearch Google for 'temperature threshold color'": 1,
    "spaceSearch Youtube": 1,
    "Search Youtube": 1,
    "4kSearch Youtube": 1
  }
}